{"credit":"Model by CyanideX","parent":"block/cube_all","textures":{"2":"mekanism:block/models/ports","3":"mekanism:block/models/ports_led","all":"mekanism:block/models/laser","particle":"mekanism:block/steel_casing"},"render_type":"minecraft:cutout","elements":[{"name":"body","from":[5,2,4],"to":[11,9,12],"faces":{"north":{"uv":[7.5,5,10.5,8.5],"texture":"#all"},"east":{"uv":[3.5,5,7.5,8.5],"texture":"#all"},"south":{"uv":[7.5,5,10.5,8.5],"texture":"#all"},"west":{"uv":[3.5,5,7.5,8.5],"texture":"#all"},"up":{"uv":[7.5,1,10.5,5],"texture":"#all"},"down":{"uv":[7.5,1,10.5,5],"texture":"#all"}}},{"name":"wire","from":[8.995,10,7.5],"to":[9.995,13,8.5],"faces":{"north":{"uv":[6,0,6.5,1.5],"texture":"#all"},"east":{"uv":[6,0,6.5,1.5],"texture":"#all"},"south":{"uv":[6,0,6.5,1.5],"texture":"#all"}}},{"name":"fin1","from":[11,8,4],"to":[12,9,12],"faces":{"north":{"uv":[0,4.5,4,5],"texture":"#all"},"east":{"uv":[0,4.5,4,5],"texture":"#all"},"south":{"uv":[0,4.5,4,5],"texture":"#all"},"up":{"uv":[0,4.5,4,5],"texture":"#all"},"down":{"uv":[0,4.5,4,5],"texture":"#all"}}},{"name":"fin2","from":[11,6,4],"to":[12,7,12],"faces":{"north":{"uv":[0,4.5,4,5],"texture":"#all"},"east":{"uv":[0,4.5,4,5],"texture":"#all"},"south":{"uv":[0,4.5,4,5],"texture":"#all"},"up":{"uv":[0,4.5,4,5],"texture":"#all"},"down":{"uv":[0,4.5,4,5],"texture":"#all"}}},{"name":"fin3","from":[11,4,4],"to":[12,5,12],"faces":{"north":{"uv":[0,4.5,4,5],"texture":"#all"},"east":{"uv":[0,4.5,4,5],"texture":"#all"},"south":{"uv":[0,4.5,4,5],"texture":"#all"},"up":{"uv":[0,4.5,4,5],"texture":"#all"},"down":{"uv":[0,4.5,4,5],"texture":"#all"}}},{"name":"fin4","from":[11,2,4],"to":[12,3,12],"faces":{"north":{"uv":[0,4.5,4,5],"texture":"#all"},"east":{"uv":[0,4.5,4,5],"texture":"#all"},"south":{"uv":[0,4.5,4,5],"texture":"#all"},"up":{"uv":[0,4.5,4,5],"texture":"#all"},"down":{"uv":[0,4.5,4,5],"texture":"#all"}}},{"name":"fin5","from":[4,8,4],"to":[5,9,12],"faces":{"north":{"uv":[0,4.5,4,5],"texture":"#all"},"south":{"uv":[0,4.5,4,5],"texture":"#all"},"west":{"uv":[0,4.5,4,5],"texture":"#all"},"up":{"uv":[0,4.5,4,5],"texture":"#all"},"down":{"uv":[0,4.5,4,5],"texture":"#all"}}},{"name":"fin6","from":[4,6,4],"to":[5,7,12],"faces":{"north":{"uv":[0,4.5,4,5],"texture":"#all"},"south":{"uv":[0,4.5,4,5],"texture":"#all"},"west":{"uv":[0,4.5,4,5],"texture":"#all"},"up":{"uv":[0,4.5,4,5],"texture":"#all"},"down":{"uv":[0,4.5,4,5],"texture":"#all"}}},{"name":"fin7","from":[4,4,4],"to":[5,5,12],"faces":{"north":{"uv":[0,4.5,4,5],"texture":"#all"},"south":{"uv":[0,4.5,4,5],"texture":"#all"},"west":{"uv":[0,4.5,4,5],"texture":"#all"},"up":{"uv":[0,4.5,4,5],"texture":"#all"},"down":{"uv":[0,4.5,4,5],"texture":"#all"}}},{"name":"fin8","from":[4,2,4],"to":[5,3,12],"faces":{"north":{"uv":[0,4.5,4,5],"texture":"#all"},"south":{"uv":[0,4.5,4,5],"texture":"#all"},"west":{"uv":[0,4.5,4,5],"texture":"#all"},"up":{"uv":[0,4.5,4,5],"texture":"#all"},"down":{"uv":[0,4.5,4,5],"texture":"#all"}}},{"name":"shaft","from":[5,9,5],"to":[11,10,11],"faces":{"north":{"uv":[0,7.5,3,8],"texture":"#all"},"east":{"uv":[0,7.5,3,8],"texture":"#all"},"south":{"uv":[0,7.5,3,8],"texture":"#all"},"west":{"uv":[0,7.5,3,8],"texture":"#all"},"up":{"uv":[0,5,3,8],"texture":"#all"}}},{"name":"center","from":[7,10,7],"to":[9,16,9],"faces":{"north":{"uv":[4.5,0,5,3],"texture":"#all"},"east":{"uv":[4.5,0,5,3],"texture":"#all"},"south":{"uv":[4.5,0,5,3],"texture":"#all"},"west":{"uv":[4.5,0,5,3],"texture":"#all"},"up":{"uv":[4.5,3,6,4.5],"texture":"#all","cullface":"up"}}},{"name":"rod1","from":[10.995,3,9],"to":[11.995,8,10],"faces":{"north":{"uv":[6.5,0,7,2.5],"texture":"#all"},"east":{"uv":[6.5,0,7,2.5],"texture":"#all"},"south":{"uv":[6.5,0,7,2.5],"texture":"#all"}}},{"name":"rod2","from":[10.995,3,6],"to":[11.995,8,7],"faces":{"north":{"uv":[6.5,0,7,2.5],"texture":"#all"},"east":{"uv":[6.5,0,7,2.5],"texture":"#all"},"south":{"uv":[6.5,0,7,2.5],"texture":"#all"}}},{"name":"rod3","from":[4.005,3,6],"to":[5.005,8,7],"faces":{"north":{"uv":[6.5,0,7,2.5],"texture":"#all"},"south":{"uv":[6.5,0,7,2.5],"texture":"#all"},"west":{"uv":[6.5,0,7,2.5],"texture":"#all"}}},{"name":"rod4","from":[4.005,3,9],"to":[5.005,8,10],"faces":{"north":{"uv":[6.5,0,7,2.5],"texture":"#all"},"south":{"uv":[6.5,0,7,2.5],"texture":"#all"},"west":{"uv":[6.5,0,7,2.5],"texture":"#all"}}},{"name":"port","from":[4,0,4],"to":[12,1,12],"faces":{"north":{"uv":[0,0,8,1],"texture":"#2"},"east":{"uv":[0,0,8,1],"texture":"#2"},"south":{"uv":[0,7,8,8],"texture":"#2"},"west":{"uv":[0,7,8,8],"texture":"#2"},"up":{"uv":[8,0,16,8],"texture":"#2"},"down":{"uv":[0,0,8,8],"texture":"#2","cullface":"down"}}},{"name":"connector","from":[5,1,5],"to":[11,2,11],"faces":{"north":{"uv":[7.5,0,10.5,0.5],"texture":"#all"},"east":{"uv":[7.5,0,10.5,0.5],"texture":"#all"},"south":{"uv":[7.5,0,10.5,0.5],"texture":"#all"},"west":{"uv":[7.5,0,10.5,0.5],"texture":"#all"}}},{"name":"ring1","from":[6,13,6],"to":[10,14,10],"faces":{"north":{"uv":[0,10,2,10.5],"texture":"#all"},"east":{"uv":[0,10,2,10.5],"texture":"#all"},"south":{"uv":[0,10,2,10.5],"texture":"#all"},"west":{"uv":[0,10,2,10.5],"texture":"#all"},"up":{"uv":[0,8.5,2,10.5],"texture":"#all"},"down":{"uv":[0,8.5,2,10.5],"texture":"#all"}}},{"name":"ring2","from":[6,11,6],"to":[10,12,10],"faces":{"north":{"uv":[0,10,2,10.5],"texture":"#all"},"east":{"uv":[0,10,2,10.5],"texture":"#all"},"south":{"uv":[0,10,2,10.5],"texture":"#all"},"west":{"uv":[0,10,2,10.5],"texture":"#all"},"up":{"uv":[0,8.5,2,10.5],"texture":"#all"},"down":{"uv":[0,8.5,2,10.5],"texture":"#all"}}},{"name":"portLED","from":[4,0,4],"to":[12,0,12],"faces":{"down":{"uv":[8,8,16,16],"texture":"#3","cullface":"down","emissivity":15}}}],"display":{"thirdperson_righthand":{"rotation":[75,45,0],"translation":[0,2,1.5],"scale":[0.375,0.375,0.375]},"thirdperson_lefthand":{"rotation":[75,45,0],"translation":[0,2,1.5],"scale":[0.375,0.375,0.375]},"firstperson_righthand":{"rotation":[0,45,0],"scale":[0.4,0.4,0.4]},"firstperson_lefthand":{"rotation":[0,225,0],"scale":[0.4,0.4,0.4]},"ground":{"translation":[0,3,0],"scale":[0.25,0.25,0.25]},"gui":{"rotation":[30,225,0],"scale":[0.625,0.625,0.625]},"head":{"translation":[0,14,0]},"fixed":{"scale":[0.5,0.5,0.5]}}}