{"render_type":"minecraft:cutout","textures":{"0":"mekanism:block/models/seismic_vibrator_1","1":"mekanism:block/models/seismic_vibrator_2","2":"mekanism:block/models/ports","3":"mekanism:block/models/ports_led","particle":"mekanism:block/models/seismic_vibrator_1"},"elements":[{"name":"base1","from":[0,0,0],"to":[16,5,3],"faces":{"north":{"uv":[0,9,8,11.5],"texture":"#0","cullface":"north"},"east":{"uv":[6.5,9,8,11.5],"texture":"#0","cullface":"east"},"south":{"uv":[0,9,8,11.5],"texture":"#0","cullface":"south"},"west":{"uv":[0,9,1.5,11.5],"texture":"#0","cullface":"west"},"up":{"uv":[8,8,16,9.5],"texture":"#0"},"down":{"uv":[8,14.5,16,16],"texture":"#0","cullface":"down"}}},{"name":"base2","from":[0,0,13],"to":[16,5,16],"faces":{"north":{"uv":[0,9,8,11.5],"texture":"#0","cullface":"north"},"east":{"uv":[0,9,1.5,11.5],"texture":"#0","cullface":"east"},"south":{"uv":[0,9,8,11.5],"texture":"#0","cullface":"south"},"west":{"uv":[6.5,9,8,11.5],"texture":"#0","cullface":"west"},"up":{"uv":[8,14.5,16,16],"texture":"#0"},"down":{"uv":[8,8,16,9.5],"texture":"#0","cullface":"down"}}},{"name":"base3","from":[0,0,3],"to":[3,5,13],"faces":{"east":{"uv":[1.5,9,6.5,11.5],"texture":"#0","cullface":"east"},"west":{"uv":[1.5,9,6.5,11.5],"texture":"#0","cullface":"west"},"up":{"uv":[8,9.5,9.5,14.5],"texture":"#0"},"down":{"uv":[14.5,9.5,16,14.5],"texture":"#0","cullface":"down"}}},{"name":"base4","from":[13,0,3],"to":[16,5,13],"faces":{"east":{"uv":[1.5,9,6.5,11.5],"texture":"#0","cullface":"east"},"west":{"uv":[1.5,9,6.5,11.5],"texture":"#0","cullface":"west"},"up":{"uv":[14.5,9.5,16,14.5],"texture":"#0"},"down":{"uv":[14.5,9.5,16,14.5],"texture":"#0","cullface":"down"}}},{"name":"pole1","from":[1,5,14],"to":[2,30,15],"faces":{"north":{"uv":[0,0.5,0.5,13],"texture":"#1"},"east":{"uv":[0,0.5,0.5,13],"texture":"#1"},"south":{"uv":[0,0.5,0.5,13],"texture":"#1"},"west":{"uv":[0,0.5,0.5,13],"texture":"#1"}}},{"name":"pole2","from":[14,5,14],"to":[15,30,15],"faces":{"north":{"uv":[0,0.5,0.5,13],"texture":"#1"},"east":{"uv":[0,0.5,0.5,13],"texture":"#1"},"south":{"uv":[0,0.5,0.5,13],"texture":"#1"},"west":{"uv":[0,0.5,0.5,13],"texture":"#1"}}},{"name":"pole3","from":[14,5,1],"to":[15,30,2],"faces":{"north":{"uv":[0,0.5,0.5,13],"texture":"#1"},"east":{"uv":[0,0.5,0.5,13],"texture":"#1"},"south":{"uv":[0,0.5,0.5,13],"texture":"#1"},"west":{"uv":[0,0.5,0.5,13],"texture":"#1"}}},{"name":"pole4","from":[1,5,1],"to":[2,30,2],"faces":{"north":{"uv":[0,0.5,0.5,13],"texture":"#1"},"east":{"uv":[0,0.5,0.5,13],"texture":"#1"},"south":{"uv":[0,0.5,0.5,13],"texture":"#1"},"west":{"uv":[0,0.5,0.5,13],"texture":"#1"}}},{"name":"crossbar1","from":[1,17,2],"to":[2,18,14],"faces":{"east":{"uv":[7,8,7.5,14],"rotation":90,"texture":"#1"},"west":{"uv":[7,8,7.5,14],"rotation":90,"texture":"#1"},"up":{"uv":[7,8,7.5,14],"texture":"#1"},"down":{"uv":[7,8,7.5,14],"texture":"#1"}}},{"name":"crossbar2","from":[2,17,14.01],"to":[14,18,15.01],"faces":{"north":{"uv":[7,8,7.5,14],"rotation":90,"texture":"#1"},"south":{"uv":[7,8.5,7.5,14.5],"rotation":90,"texture":"#1"},"up":{"uv":[7,8,7.5,14],"rotation":90,"texture":"#1"},"down":{"uv":[7,8,7.5,14],"rotation":90,"texture":"#1"}}},{"name":"crossbar3","from":[14,17,2],"to":[15,18,14],"faces":{"east":{"uv":[7,8,7.5,14],"rotation":90,"texture":"#1"},"west":{"uv":[7,8,7.5,14],"rotation":90,"texture":"#1"},"up":{"uv":[7,8,7.5,14],"texture":"#1"},"down":{"uv":[7,8,7.5,14],"texture":"#1"}}},{"name":"crossbar4","from":[14.01,23.42426,-0.57071],"to":[14.97,24.42426,16.42929],"rotation":{"angle":45,"axis":"x","origin":[14.5,23.92426,7.92929]},"faces":{"east":{"uv":[7,7.5,7.5,16],"rotation":90,"texture":"#1"},"west":{"uv":[7,7.5,7.5,16],"rotation":90,"texture":"#1"},"up":{"uv":[7,7.5,7.5,16],"texture":"#1"},"down":{"uv":[7,7.5,7.5,16],"texture":"#1"}}},{"name":"crossbar5","from":[14.01,23.42426,-0.48],"to":[14.97,24.42426,16.52],"rotation":{"angle":-45,"axis":"x","origin":[14.5,23.92426,7.92929]},"faces":{"east":{"uv":[7,7.5,7.5,16],"rotation":90,"texture":"#1"},"west":{"uv":[7,7.5,7.5,16],"rotation":90,"texture":"#1"},"up":{"uv":[7,7.5,7.5,16],"texture":"#1"},"down":{"uv":[7,7.5,7.5,16],"texture":"#1"}}},{"name":"crossbar6","from":[1.01,23.42426,-0.57071],"to":[1.97,24.42426,16.42929],"rotation":{"angle":45,"axis":"x","origin":[1.5,23.92426,7.92929]},"faces":{"east":{"uv":[7,7.5,7.5,16],"rotation":90,"texture":"#1"},"west":{"uv":[7,7.5,7.5,16],"rotation":90,"texture":"#1"},"up":{"uv":[7,7.5,7.5,16],"texture":"#1"},"down":{"uv":[7,7.5,7.5,16],"texture":"#1"}}},{"name":"crossbar7","from":[1.01,23.42426,-0.48],"to":[1.97,24.42426,16.52],"rotation":{"angle":-45,"axis":"x","origin":[1.5,23.92426,7.92929]},"faces":{"east":{"uv":[7,7.5,7.5,16],"rotation":90,"texture":"#1"},"west":{"uv":[7,7.5,7.5,16],"rotation":90,"texture":"#1"},"up":{"uv":[7,7.5,7.5,16],"texture":"#1"},"down":{"uv":[7,7.5,7.5,16],"texture":"#1"}}},{"name":"crossbar8","from":[14.01,10.42426,-0.57071],"to":[14.97,11.42426,16.42929],"rotation":{"angle":45,"axis":"x","origin":[14.5,10.92426,7.92929]},"faces":{"east":{"uv":[7,7.5,7.5,16],"rotation":90,"texture":"#1"},"west":{"uv":[7,7.5,7.5,16],"rotation":90,"texture":"#1"},"up":{"uv":[7,7.5,7.5,16],"texture":"#1"},"down":{"uv":[7,7.5,7.5,16],"texture":"#1"}}},{"name":"crossbar9","from":[14.01,10.42426,-0.48],"to":[14.97,11.42426,16.52],"rotation":{"angle":-45,"axis":"x","origin":[14.5,10.92426,7.92929]},"faces":{"east":{"uv":[7,7.5,7.5,16],"rotation":90,"texture":"#1"},"west":{"uv":[7,7.5,7.5,16],"rotation":90,"texture":"#1"},"up":{"uv":[7,7.5,7.5,16],"texture":"#1"},"down":{"uv":[7,7.5,7.5,16],"texture":"#1"}}},{"name":"crossbar10","from":[1.01,10.42426,-0.57071],"to":[1.97,11.42426,16.42929],"rotation":{"angle":45,"axis":"x","origin":[1.5,10.92426,7.92929]},"faces":{"east":{"uv":[7,7.5,7.5,16],"rotation":90,"texture":"#1"},"west":{"uv":[7,7.5,7.5,16],"rotation":90,"texture":"#1"},"up":{"uv":[7,7.5,7.5,16],"texture":"#1"},"down":{"uv":[7,7.5,7.5,16],"texture":"#1"}}},{"name":"crossbar11","from":[1.01,10.42426,-0.48],"to":[1.97,11.42426,16.52],"rotation":{"angle":-45,"axis":"x","origin":[1.5,10.92426,7.92929]},"faces":{"east":{"uv":[7,7.5,7.5,16],"rotation":90,"texture":"#1"},"west":{"uv":[7,7.5,7.5,16],"rotation":90,"texture":"#1"},"up":{"uv":[7,7.5,7.5,16],"texture":"#1"},"down":{"uv":[7,7.5,7.5,16],"texture":"#1"}}},{"name":"crossbar12","from":[-0.41386,23.60624,14.02],"to":[16.58614,24.60624,14.98],"rotation":{"angle":-45,"axis":"z","origin":[8.08614,24.10624,14.5]},"faces":{"north":{"uv":[7,7.5,7.5,16],"rotation":270,"texture":"#1"},"south":{"uv":[7,7.5,7.5,16],"rotation":270,"texture":"#1"},"up":{"uv":[7,7.5,7.5,16],"rotation":270,"texture":"#1"},"down":{"uv":[7,7.5,7.5,16],"rotation":90,"texture":"#1"}}},{"name":"crossbar13","from":[-0.57,23.6062,14.02],"to":[16.43,24.6062,14.98],"rotation":{"angle":45,"axis":"z","origin":[8.08614,24.10624,14.5]},"faces":{"north":{"uv":[7,7.5,7.5,16],"rotation":270,"texture":"#1"},"south":{"uv":[7,7.5,7.5,16],"rotation":90,"texture":"#1"},"up":{"uv":[7,7.5,7.5,16],"rotation":90,"texture":"#1"},"down":{"uv":[7,7.5,7.5,16],"rotation":270,"texture":"#1"}}},{"name":"crossbar14","from":[16.58614,6.3,14.02],"to":[17.58614,23.3,14.98],"rotation":{"angle":-45,"axis":"z","origin":[8.08614,24.10624,14.5]},"faces":{"north":{"uv":[7,7.5,7.5,16],"rotation":180,"texture":"#1"},"east":{"uv":[7,7.5,7.5,16],"texture":"#1"},"south":{"uv":[7,7.5,7.5,16],"texture":"#1"},"west":{"uv":[7,7.5,7.5,16],"rotation":180,"texture":"#1"}}},{"name":"crossbar15","from":[8.8,14.60624,14.02],"to":[25.8,15.60624,14.98],"rotation":{"angle":-45,"axis":"z","origin":[8.08614,24.10624,14.5]},"faces":{"north":{"uv":[7,7.5,7.5,16],"rotation":270,"texture":"#1"},"south":{"uv":[7,7.5,7.5,16],"rotation":270,"texture":"#1"},"up":{"uv":[7,7.5,7.5,16],"rotation":270,"texture":"#1"},"down":{"uv":[7,7.5,7.5,16],"rotation":90,"texture":"#1"}}},{"name":"back","from":[6,5,14],"to":[10,30,16],"faces":{"north":{"uv":[14,3.5,16,16],"texture":"#1"},"east":{"uv":[14,3.5,14,16],"texture":"#1"},"south":{"uv":[14,3.5,16,16],"texture":"#1"},"west":{"uv":[13,3.5,14,16],"texture":"#1"}}},{"name":"top","from":[0,30,0],"to":[16,32,16],"faces":{"north":{"uv":[0,8,8,9],"texture":"#0"},"east":{"uv":[0,8,8,9],"texture":"#0"},"south":{"uv":[0,15,8,16],"texture":"#0"},"west":{"uv":[0,8,8,9],"texture":"#0"},"up":{"uv":[0,0,8,8],"texture":"#0"},"down":{"uv":[8,0,16,8],"texture":"#0"}}},{"name":"rivet1","from":[4,28,6],"to":[5,29,7],"faces":{"north":{"uv":[15.5,0,16,0.5],"texture":"#1"},"south":{"uv":[15.5,0,16,0.5],"texture":"#1"},"west":{"uv":[15.5,0,16,0.5],"texture":"#1"},"down":{"uv":[15.5,0,16,0.5],"texture":"#1"}}},{"name":"rivet2","from":[4,28,8],"to":[5,29,9],"faces":{"north":{"uv":[15.5,0,16,0.5],"texture":"#1"},"south":{"uv":[15.5,0,16,0.5],"texture":"#1"},"west":{"uv":[15.5,0,16,0.5],"texture":"#1"},"down":{"uv":[15.5,0,16,0.5],"texture":"#1"}}},{"name":"rivet3","from":[4,28,10],"to":[5,29,11],"faces":{"north":{"uv":[15.5,0,16,0.5],"texture":"#1"},"south":{"uv":[15.5,0,16,0.5],"texture":"#1"},"west":{"uv":[15.5,0,16,0.5],"texture":"#1"},"down":{"uv":[15.5,0,16,0.5],"texture":"#1"}}},{"name":"rivet4","from":[4,28,12],"to":[5,29,13],"faces":{"north":{"uv":[15.5,0,16,0.5],"texture":"#1"},"south":{"uv":[15.5,0,16,0.5],"texture":"#1"},"west":{"uv":[15.5,0,16,0.5],"texture":"#1"},"down":{"uv":[15.5,0,16,0.5],"texture":"#1"}}},{"name":"rivet5","from":[11,28,12],"to":[12,29,13],"faces":{"north":{"uv":[15.5,0,16,0.5],"texture":"#1"},"east":{"uv":[15.5,0,16,0.5],"texture":"#1"},"south":{"uv":[15.5,0,16,0.5],"texture":"#1"},"down":{"uv":[15.5,0,16,0.5],"texture":"#1"}}},{"name":"rivet6","from":[11,28,10],"to":[12,29,11],"faces":{"north":{"uv":[15.5,0,16,0.5],"texture":"#1"},"east":{"uv":[15.5,0,16,0.5],"texture":"#1"},"south":{"uv":[15.5,0,16,0.5],"texture":"#1"},"down":{"uv":[15.5,0,16,0.5],"texture":"#1"}}},{"name":"rivet7","from":[11,28,8],"to":[12,29,9],"faces":{"north":{"uv":[15.5,0,16,0.5],"texture":"#1"},"east":{"uv":[15.5,0,16,0.5],"texture":"#1"},"south":{"uv":[15.5,0,16,0.5],"texture":"#1"},"down":{"uv":[15.5,0,16,0.5],"texture":"#1"}}},{"name":"plate","from":[3,29,3],"to":[13,30,14],"faces":{"north":{"uv":[0.5,4,5.5,4.5],"texture":"#1"},"east":{"uv":[0.5,9,5.5,9.5],"texture":"#1"},"south":{"uv":[0.5,9,5.5,9.5],"texture":"#1"},"west":{"uv":[0.5,9,5.5,9.5],"texture":"#1"},"down":{"uv":[0.5,4,5.5,9.5],"rotation":180,"texture":"#1"}}},{"name":"motor","from":[5,25,5],"to":[11,29,14],"faces":{"north":{"uv":[0,13,2,16],"rotation":270,"texture":"#1"},"east":{"uv":[2,13,6.5,16],"texture":"#1"},"south":{"uv":[0,13,2,16],"rotation":270,"texture":"#1"},"west":{"uv":[2,13,6.5,16],"texture":"#1"},"down":{"uv":[1,13,5.5,16],"rotation":90,"texture":"#1"}}},{"name":"brace","from":[6,13,6],"to":[10,15,10],"faces":{"north":{"uv":[9,7.5,11,8.5],"texture":"#1"},"east":{"uv":[9,7.5,11,8.5],"texture":"#1"},"south":{"uv":[9,7.5,11,8.5],"texture":"#1"},"west":{"uv":[9,7.5,11,8.5],"texture":"#1"},"up":{"uv":[4.5,13.5,6.5,15.5],"texture":"#1"},"down":{"uv":[4.5,13.5,6.5,15.5],"texture":"#1"}}},{"name":"brace2","from":[6,18,6],"to":[10,25,10],"faces":{"north":{"uv":[8,9,10,12.5],"texture":"#1"},"east":{"uv":[8.5,9,10.5,12.5],"texture":"#1"},"south":{"uv":[8,9,10,12.5],"texture":"#1"},"west":{"uv":[9,9,11,12.5],"texture":"#1"},"down":{"uv":[4.5,13.5,6.5,15.5],"texture":"#1"}}},{"name":"brace3","from":[7,13,10],"to":[9,15,14],"faces":{"east":{"uv":[9,11.5,11,12.5],"texture":"#1"},"west":{"uv":[9,12,11,13],"texture":"#1"},"up":{"uv":[10,5.5,11,7.5],"texture":"#1"},"down":{"uv":[2,1,3,3],"texture":"#1"}}},{"name":"port","from":[4,5,15.01],"to":[12,13,16.01],"faces":{"north":{"uv":[0,8,8,16],"texture":"#2"},"east":{"uv":[0,0,1,8],"texture":"#2"},"south":{"uv":[0,0,8,8],"texture":"#2","cullface":"south"},"west":{"uv":[7,0,8,8],"texture":"#2"},"up":{"uv":[0,0,8,1],"texture":"#2"}}},{"name":"port_led","from":[4,5,16.01],"to":[12,13,16.01],"faces":{"south":{"uv":[8,8,16,16],"texture":"#3","cullface":"south","emissivity":15}}},{"name":"rivet8","from":[11,28,6],"to":[12,29,7],"faces":{"north":{"uv":[15.5,0,16,0.5],"texture":"#1"},"east":{"uv":[15.5,0,16,0.5],"texture":"#1"},"south":{"uv":[15.5,0,16,0.5],"texture":"#1"},"down":{"uv":[15.5,0,16,0.5],"texture":"#1"}}}]}